pdbid,native_pdb,feature_dict,non_natural_aa,is_continuous
3iqj,./modpep_del_chain/3iqj.pdb,./feature/3iqj/3iqj.npy,CSO:SEP,False
3bh9,./modpep_del_chain/3bh9.pdb,./feature/3bh9/3bh9.npy,SEP,True
3da9,./modpep_del_chain/3da9.pdb,./feature/3da9/3da9.npy,PTR,False
4i7b,./modpep_del_chain/4i7b.pdb,./feature/4i7b/4i7b.npy,ABA,False
4bl0,./modpep_del_chain/4bl0.pdb,./feature/4bl0/4bl0.npy,TPO,False
3bhb,./modpep_del_chain/3bhb.pdb,./feature/3bhb/3bhb.npy,SEP,True
3bzi,./modpep_del_chain/3bzi.pdb,./feature/3bzi/3bzi.npy,TPO,True
3k27,./modpep_del_chain/3k27.pdb,./feature/3k27/3k27.npy,M3L,True
4igk,./modpep_del_chain/4igk.pdb,./feature/4igk/4igk.npy,SEP,False
2gfa,./modpep_del_chain/2gfa.pdb,./feature/2gfa/2gfa.npy,M3L,False
3pxe,./modpep_del_chain/3pxe.pdb,./feature/3pxe/3pxe.npy,SEP,False
3dpq,./modpep_del_chain/3dpq.pdb,./feature/3dpq/3dpq.npy,ALC,False
4hpt,./modpep_del_chain/4hpt.pdb,./feature/4hpt/4hpt.npy,TPO:SEP:SEP,True
2h2h,./modpep_del_chain/2h2h.pdb,./feature/2h2h/2h2h.npy,ALY,False
1q1a,./modpep_del_chain/1q1a.pdb,./feature/1q1a/1q1a.npy,ALY,False
3tu7,./modpep_del_chain/3tu7.pdb,./feature/3tu7/3tu7.npy,PTR,False
3cu8,./modpep_del_chain/3cu8.pdb,./feature/3cu8/3cu8.npy,SEP,True
1s5p,./modpep_del_chain/1s5p.pdb,./feature/1s5p/1s5p.npy,ALY,False
3fqr,./modpep_del_chain/3fqr.pdb,./feature/3fqr/3fqr.npy,SEP,True
1qja,./modpep_del_chain/1qja.pdb,./feature/1qja/1qja.npy,SEP,False
1ywt,./modpep_del_chain/1ywt.pdb,./feature/1ywt/1ywt.npy,SEP,False
4apj,./modpep_del_chain/4apj.pdb,./feature/4apj/4apj.npy,PCA,False
3wdz,./modpep_del_chain/3wdz.pdb,./feature/3wdz/3wdz.npy,SEP,True
4j6s,./modpep_del_chain/4j6s.pdb,./feature/4j6s/4j6s.npy,SEP,True
4bg6,./modpep_del_chain/4bg6.pdb,./feature/4bg6/4bg6.npy,SEP,False
2od2,./modpep_del_chain/2od2.pdb,./feature/2od2/2od2.npy,ALY,False
3coj,./modpep_del_chain/3coj.pdb,./feature/3coj/3coj.npy,SEP,False
1qjb,./modpep_del_chain/1qjb.pdb,./feature/1qjb/1qjb.npy,SEP,False
4fl5,./modpep_del_chain/4fl5.pdb,./feature/4fl5/4fl5.npy,CSO:SEP,False
3n9p,./modpep_del_chain/3n9p.pdb,./feature/3n9p/3n9p.npy,M3L:MLY,False
1umw,./modpep_del_chain/1umw.pdb,./feature/1umw/1umw.npy,TPO,True
3os5,./modpep_del_chain/3os5.pdb,./feature/3os5/3os5.npy,MLZ,True
1p22,./modpep_del_chain/1p22.pdb,./feature/1p22/1p22.npy,SEP:SEP,False
4hy9,./modpep_del_chain/4hy9.pdb,./feature/4hy9/4hy9.npy,ALC:ALC,True
3uat,./modpep_del_chain/3uat.pdb,./feature/3uat/3uat.npy,SEP,False
3axy,./modpep_del_chain/3axy.pdb,./feature/3axy/3axy.npy,SEP,True
2rfi,./modpep_del_chain/2rfi.pdb,./feature/2rfi/2rfi.npy,MLY,True
1gxc,./modpep_del_chain/1gxc.pdb,./feature/1gxc/1gxc.npy,TPO,True
3ubw,./modpep_del_chain/3ubw.pdb,./feature/3ubw/3ubw.npy,CSO:SEP,True
3lw1,./modpep_del_chain/3lw1.pdb,./feature/3lw1/3lw1.npy,CSO:TPO,False
3f9x,./modpep_del_chain/3f9x.pdb,./feature/3f9x/3f9x.npy,MLY,True
4ezh,./modpep_del_chain/4ezh.pdb,./feature/4ezh/4ezh.npy,M3L,False
3uvw,./modpep_del_chain/3uvw.pdb,./feature/3uvw/3uvw.npy,ALY:ALY,True
2lax,./modpep_del_chain/2lax.pdb,./feature/2lax/2lax.npy,TPO:SEP,True
3al3,./modpep_del_chain/3al3.pdb,./feature/3al3/3al3.npy,TPO,False
3n9q,./modpep_del_chain/3n9q.pdb,./feature/3n9q/3n9q.npy,M3L:MLY,False
2p5b,./modpep_del_chain/2p5b.pdb,./feature/2p5b/2p5b.npy,M3L,True
4k45,./modpep_del_chain/4k45.pdb,./feature/4k45/4k45.npy,PTR,True
3hna,./modpep_del_chain/3hna.pdb,./feature/3hna/3hna.npy,MLZ,False
3d9p,./modpep_del_chain/3d9p.pdb,./feature/3d9p/3d9p.npy,SEP:SEP,True
3pfv,./modpep_del_chain/3pfv.pdb,./feature/3pfv/3pfv.npy,PTR,True
4buz,./modpep_del_chain/4buz.pdb,./feature/4buz/4buz.npy,ALY,False
1i8h,./modpep_del_chain/1i8h.pdb,./feature/1i8h/1i8h.npy,TPO,True
3d9m,./modpep_del_chain/3d9m.pdb,./feature/3d9m/3d9m.npy,SEP,True
3glr,./modpep_del_chain/3glr.pdb,./feature/3glr/3glr.npy,ALY,True
3bux,./modpep_del_chain/3bux.pdb,./feature/3bux/3bux.npy,PTR,True
3p36,./modpep_del_chain/3p36.pdb,./feature/3p36/3p36.npy,TPO:NH2,False
1jlu,./modpep_del_chain/1jlu.pdb,./feature/1jlu/1jlu.npy,TPO:SEP:SEP,True
3fxx,./modpep_del_chain/3fxx.pdb,./feature/3fxx/3fxx.npy,PTR,False
3ual,./modpep_del_chain/3ual.pdb,./feature/3ual/3ual.npy,SEP,True
3bum,./modpep_del_chain/3bum.pdb,./feature/3bum/3bum.npy,PTR,True
2h6k,./modpep_del_chain/2h6k.pdb,./feature/2h6k/2h6k.npy,MLZ,True
1j4l,./modpep_del_chain/1j4l.pdb,./feature/1j4l/1j4l.npy,TPO,True
1o9s,./modpep_del_chain/1o9s.pdb,./feature/1o9s/1o9s.npy,MLZ,True
2iui,./modpep_del_chain/2iui.pdb,./feature/2iui/2iui.npy,PTR,True
3lqi,./modpep_del_chain/3lqi.pdb,./feature/3lqi/3lqi.npy,MLY,False
2bbu,./modpep_del_chain/2bbu.pdb,./feature/2bbu/2bbu.npy,PTR,True
3a0a,./modpep_del_chain/3a0a.pdb,./feature/3a0a/3a0a.npy,HYP:HYP:HYP,True
4hkc,./modpep_del_chain/4hkc.pdb,./feature/4hkc/4hkc.npy,SEP,True
2lkj,./modpep_del_chain/2lkj.pdb,./feature/2lkj/2lkj.npy,SEP,True
4bu1,./modpep_del_chain/4bu1.pdb,./feature/4bu1/4bu1.npy,TPO,True
3omh,./modpep_del_chain/3omh.pdb,./feature/3omh/3omh.npy,PTR,True
3bh8,./modpep_del_chain/3bh8.pdb,./feature/3bh8/3bh8.npy,SEP,True
2vpe,./modpep_del_chain/2vpe.pdb,./feature/2vpe/2vpe.npy,MLY,True
2lb0,./modpep_del_chain/2lb0.pdb,./feature/2lb0/2lb0.npy,SEP:SEP,True
3qo2,./modpep_del_chain/3qo2.pdb,./feature/3qo2/3qo2.npy,M3L,False
2g6q,./modpep_del_chain/2g6q.pdb,./feature/2g6q/2g6q.npy,M3L,True
4mzf,./modpep_del_chain/4mzf.pdb,./feature/4mzf/4mzf.npy,M3L:DA2,False
4au7,./modpep_del_chain/4au7.pdb,./feature/4au7/4au7.npy,MLY,True
1lqb,./modpep_del_chain/1lqb.pdb,./feature/1lqb/1lqb.npy,HYP,True
3bu6,./modpep_del_chain/3bu6.pdb,./feature/3bu6/3bu6.npy,PTR:PTR:PTR:PTR,True
3tzd,./modpep_del_chain/3tzd.pdb,./feature/3tzd/3tzd.npy,MLY,True
2rmx,./modpep_del_chain/2rmx.pdb,./feature/2rmx/2rmx.npy,PTR,True
4gvc,./modpep_del_chain/4gvc.pdb,./feature/4gvc/4gvc.npy,PTR,True
4jxt,./modpep_del_chain/4jxt.pdb,./feature/4jxt/4jxt.npy,SEP:SEP,True
1lm8,./modpep_del_chain/1lm8.pdb,./feature/1lm8/1lm8.npy,HYP,True
2w5z,./modpep_del_chain/2w5z.pdb,./feature/2w5z/2w5z.npy,MLY,True
3q1i,./modpep_del_chain/3q1i.pdb,./feature/3q1i/3q1i.npy,SEP:NH2,False
2v7d,./modpep_del_chain/2v7d.pdb,./feature/2v7d/2v7d.npy,TPO,False
2x4y,./modpep_del_chain/2x4y.pdb,./feature/2x4y/2x4y.npy,M3L,True
2ror,./modpep_del_chain/2ror.pdb,./feature/2ror/2ror.npy,PTR,True
1y98,./modpep_del_chain/1y98.pdb,./feature/1y98/1y98.npy,SEP,True
3buw,./modpep_del_chain/3buw.pdb,./feature/3buw/3buw.npy,PTR,True
2os2,./modpep_del_chain/2os2.pdb,./feature/2os2/2os2.npy,M3L,True
2lue,./modpep_del_chain/2lue.pdb,./feature/2lue/2lue.npy,SEP:SEP:SEP:SEP:SEP,True
2lnw,./modpep_del_chain/2lnw.pdb,./feature/2lnw/2lnw.npy,PTR,True
4iea,./modpep_del_chain/4iea.pdb,./feature/4iea/4iea.npy,SEP,False
1t2v,./modpep_del_chain/1t2v.pdb,./feature/1t2v/1t2v.npy,SEP,False
1t29,./modpep_del_chain/1t29.pdb,./feature/1t29/1t29.npy,SEP,True
2x4w,./modpep_del_chain/2x4w.pdb,./feature/2x4w/2x4w.npy,M3L,True
3v7d,./modpep_del_chain/3v7d.pdb,./feature/3v7d/3v7d.npy,SEP:SEP,False
3ob1,./modpep_del_chain/3ob1.pdb,./feature/3ob1/3ob1.npy,PTR:TPO,True
1py1,./modpep_del_chain/1py1.pdb,./feature/1py1/1py1.npy,SEP,True
2lo6,./modpep_del_chain/2lo6.pdb,./feature/2lo6/2lo6.npy,SEP:SEP,True
1fgl,./modpep_del_chain/1fgl.pdb,./feature/1fgl/1fgl.npy,NLE,True
2ot7,./modpep_del_chain/2ot7.pdb,./feature/2ot7/2ot7.npy,MLZ:ALY,True
2pld,./modpep_del_chain/2pld.pdb,./feature/2pld/2pld.npy,PTR,True
4ch2,./modpep_del_chain/4ch2.pdb,./feature/4ch2/4ch2.npy,PTR:PTR:PTR,True
2cef,./modpep_del_chain/2cef.pdb,./feature/2cef/2cef.npy,SEP:SEP,True
1p13,./modpep_del_chain/1p13.pdb,./feature/1p13/1p13.npy,PTR,True
2ox0,./modpep_del_chain/2ox0.pdb,./feature/2ox0/2ox0.npy,MLY:ALY,True
3wp0,./modpep_del_chain/3wp0.pdb,./feature/3wp0/3wp0.npy,SEP,True
4hon,./modpep_del_chain/4hon.pdb,./feature/4hon/4hon.npy,M3L,True
2ovr,./modpep_del_chain/2ovr.pdb,./feature/2ovr/2ovr.npy,TPO,False
2jkt,./modpep_del_chain/2jkt.pdb,./feature/2jkt/2jkt.npy,SEP,True
1f1w,./modpep_del_chain/1f1w.pdb,./feature/1f1w/1f1w.npy,PTR,True
2lb3,./modpep_del_chain/2lb3.pdb,./feature/2lb3/2lb3.npy,TPO,True
4o42,./modpep_del_chain/4o42.pdb,./feature/4o42/4o42.npy,MLY,True
1nex,./modpep_del_chain/1nex.pdb,./feature/1nex/1nex.npy,MSE:MSE:MSE:MSE:MSE:MSE:TPO,False
4n4i,./modpep_del_chain/4n4i.pdb,./feature/4n4i/4n4i.npy,M3L,False
2jkr,./modpep_del_chain/2jkr.pdb,./feature/2jkr/2jkr.npy,SEP,True
2oq6,./modpep_del_chain/2oq6.pdb,./feature/2oq6/2oq6.npy,M3L:ALY,True
2c1n,./modpep_del_chain/2c1n.pdb,./feature/2c1n/2c1n.npy,SEP,False
3cbm,./modpep_del_chain/3cbm.pdb,./feature/3cbm/3cbm.npy,MLZ,False
2l5j,./modpep_del_chain/2l5j.pdb,./feature/2l5j/2l5j.npy,SEP,True
3u4s,./modpep_del_chain/3u4s.pdb,./feature/3u4s/3u4s.npy,M3L,True
2jmj,./modpep_del_chain/2jmj.pdb,./feature/2jmj/2jmj.npy,M3L,True
1i8g,./modpep_del_chain/1i8g.pdb,./feature/1i8g/1i8g.npy,TPO,True
3u5p,./modpep_del_chain/3u5p.pdb,./feature/3u5p/3u5p.npy,M3L:ALY:ALY,False
3nf3,./modpep_del_chain/3nf3.pdb,./feature/3nf3/3nf3.npy,AIB,False
3d9k,./modpep_del_chain/3d9k.pdb,./feature/3d9k/3d9k.npy,SEP:SEP:SEP,True
3iiy,./modpep_del_chain/3iiy.pdb,./feature/3iiy/3iiy.npy,M3L,True
2c1j,./modpep_del_chain/2c1j.pdb,./feature/2c1j/2c1j.npy,ALY:SEP,True
4kv1,./modpep_del_chain/4kv1.pdb,./feature/4kv1/4kv1.npy,ALY,True
2q8c,./modpep_del_chain/2q8c.pdb,./feature/2q8c/2q8c.npy,M3L,True
2a0t,./modpep_del_chain/2a0t.pdb,./feature/2a0t/2a0t.npy,TPO,True
2ovq,./modpep_del_chain/2ovq.pdb,./feature/2ovq/2ovq.npy,TPO:SEP,True
1nzs,./modpep_del_chain/1nzs.pdb,./feature/1nzs/1nzs.npy,SEP:TPO:TPO:SEP:TPO:TPO:SEP,True
1v4f,./modpep_del_chain/1v4f.pdb,./feature/1v4f/1v4f.npy,HYP:HYP:HYP:HYP:HYP:HYP:HYP,True
2jnd,./modpep_del_chain/2jnd.pdb,./feature/2jnd/2jnd.npy,NLE,True
3alo,./modpep_del_chain/3alo.pdb,./feature/3alo/3alo.npy,TPO,False
4gl9,./modpep_del_chain/4gl9.pdb,./feature/4gl9/4gl9.npy,PTR,False
3d9l,./modpep_del_chain/3d9l.pdb,./feature/3d9l/3d9l.npy,SEP:SEP,True
2mc1,./modpep_del_chain/2mc1.pdb,./feature/2mc1/2mc1.npy,PTR,True
2ast,./modpep_del_chain/2ast.pdb,./feature/2ast/2ast.npy,TPO,True
2z8p,./modpep_del_chain/2z8p.pdb,./feature/2z8p/2z8p.npy,TPO:PTR,True
1qg1,./modpep_del_chain/1qg1.pdb,./feature/1qg1/1qg1.npy,PTR,True
2jqc,./modpep_del_chain/2jqc.pdb,./feature/2jqc/2jqc.npy,HYP,True
2cez,./modpep_del_chain/2cez.pdb,./feature/2cez/2cez.npy,SEP,True
2ybp,./modpep_del_chain/2ybp.pdb,./feature/2ybp/2ybp.npy,M3L,True
3d4b,./modpep_del_chain/3d4b.pdb,./feature/3d4b/3d4b.npy,ALY,False
2h4f,./modpep_del_chain/2h4f.pdb,./feature/2h4f/2h4f.npy,ALY,False
2hwl,./modpep_del_chain/2hwl.pdb,./feature/2hwl/2hwl.npy,PTR:PTR,False
1yc5,./modpep_del_chain/1yc5.pdb,./feature/1yc5/1yc5.npy,ALY,False
2lyw,./modpep_del_chain/2lyw.pdb,./feature/2lyw/2lyw.npy,PCA,True
2mjv,./modpep_del_chain/2mjv.pdb,./feature/2mjv/2mjv.npy,ALY:ALY,True
2k17,./modpep_del_chain/2k17.pdb,./feature/2k17/2k17.npy,M3L,True
1bmb,./modpep_del_chain/1bmb.pdb,./feature/1bmb/1bmb.npy,PTR,True
2m7j,./modpep_del_chain/2m7j.pdb,./feature/2m7j/2m7j.npy,DPR,True
4gfu,./modpep_del_chain/4gfu.pdb,./feature/4gfu/4gfu.npy,PTR,False
1shc,./modpep_del_chain/1shc.pdb,./feature/1shc/1shc.npy,PTR,True
2rt5,./modpep_del_chain/2rt5.pdb,./feature/2rt5/2rt5.npy,SEP:SEP,True
2cfj,./modpep_del_chain/2cfj.pdb,./feature/2cfj/2cfj.npy,SEP,True
3qzs,./modpep_del_chain/3qzs.pdb,./feature/3qzs/3qzs.npy,ALY,True
2yu7,./modpep_del_chain/2yu7.pdb,./feature/2yu7/2yu7.npy,PTR,True
3ueo,./modpep_del_chain/3ueo.pdb,./feature/3ueo/3ueo.npy,SEP:TPO,False
3u5o,./modpep_del_chain/3u5o.pdb,./feature/3u5o/3u5o.npy,M3L:ALY:ALY,False
3buo,./modpep_del_chain/3buo.pdb,./feature/3buo/3buo.npy,PTR,True
2l3r,./modpep_del_chain/2l3r.pdb,./feature/2l3r/2l3r.npy,M3L,True
1tce,./modpep_del_chain/1tce.pdb,./feature/1tce/1tce.npy,PTR,True
2ght,./modpep_del_chain/2ght.pdb,./feature/2ght/2ght.npy,SEP,True
2lct,./modpep_del_chain/2lct.pdb,./feature/2lct/2lct.npy,PTR:PTR,True
2l11,./modpep_del_chain/2l11.pdb,./feature/2l11/2l11.npy,M3L,True
1g1h,./modpep_del_chain/1g1h.pdb,./feature/1g1h/1g1h.npy,PTR:PTR,True
2wp2,./modpep_del_chain/2wp2.pdb,./feature/2wp2/2wp2.npy,ALY:ALY,False
2l1b,./modpep_del_chain/2l1b.pdb,./feature/2l1b/2l1b.npy,M3L,True
2ghq,./modpep_del_chain/2ghq.pdb,./feature/2ghq/2ghq.npy,SEP:SEP,True
4c78,./modpep_del_chain/4c78.pdb,./feature/4c78/4c78.npy,ALY,False
2lsp,./modpep_del_chain/2lsp.pdb,./feature/2lsp/2lsp.npy,ALY,True
3swc,./modpep_del_chain/3swc.pdb,./feature/3swc/3swc.npy,MLY,True
1ju5,./modpep_del_chain/1ju5.pdb,./feature/1ju5/1ju5.npy,PTR,True
1oo4,./modpep_del_chain/1oo4.pdb,./feature/1oo4/1oo4.npy,PTR,True
2q8e,./modpep_del_chain/2q8e.pdb,./feature/2q8e/2q8e.npy,M3L,True
2fuu,./modpep_del_chain/2fuu.pdb,./feature/2fuu/2fuu.npy,M3L,True
2lgk,./modpep_del_chain/2lgk.pdb,./feature/2lgk/2lgk.npy,M3L,True
1f3r,./modpep_del_chain/1f3r.pdb,./feature/1f3r/1f3r.npy,NLE,True
2nmb,./modpep_del_chain/2nmb.pdb,./feature/2nmb/2nmb.npy,PTR,True
2lvm,./modpep_del_chain/2lvm.pdb,./feature/2lvm/2lvm.npy,MLY,False
2qqs,./modpep_del_chain/2qqs.pdb,./feature/2qqs/2qqs.npy,M3L,True
3uvy,./modpep_del_chain/3uvy.pdb,./feature/3uvy/3uvy.npy,ALY:ALY,True
1fpr,./modpep_del_chain/1fpr.pdb,./feature/1fpr/1fpr.npy,PTR,True
2kvm,./modpep_del_chain/2kvm.pdb,./feature/2kvm/2kvm.npy,MLY,True
2e3k,./modpep_del_chain/2e3k.pdb,./feature/2e3k/2e3k.npy,ALY:ALY,True
4b9w,./modpep_del_chain/4b9w.pdb,./feature/4b9w/4b9w.npy,2MR,True
3dpc,./modpep_del_chain/3dpc.pdb,./feature/3dpc/3dpc.npy,TPO,True
2kwn,./modpep_del_chain/2kwn.pdb,./feature/2kwn/2kwn.npy,ALY,True
3mxc,./modpep_del_chain/3mxc.pdb,./feature/3mxc/3mxc.npy,PTR,True
4dow,./modpep_del_chain/4dow.pdb,./feature/4dow/4dow.npy,MLY,True
1guw,./modpep_del_chain/1guw.pdb,./feature/1guw/1guw.npy,MLY:MLY,True
3uzd,./modpep_del_chain/3uzd.pdb,./feature/3uzd/3uzd.npy,SEP,False
2m3m,./modpep_del_chain/2m3m.pdb,./feature/2m3m/2m3m.npy,PCA,True
3n9n,./modpep_del_chain/3n9n.pdb,./feature/3n9n/3n9n.npy,M3L:MLY,False
3mxy,./modpep_del_chain/3mxy.pdb,./feature/3mxy/3mxy.npy,PTR,True
1eeo,./modpep_del_chain/1eeo.pdb,./feature/1eeo/1eeo.npy,PTR:NH2,True
2pie,./modpep_del_chain/2pie.pdb,./feature/2pie/2pie.npy,TPO,True
4edu,./modpep_del_chain/4edu.pdb,./feature/4edu/4edu.npy,MLZ,True
2q8y,./modpep_del_chain/2q8y.pdb,./feature/2q8y/2q8y.npy,TPO:PTR,False
1yrk,./modpep_del_chain/1yrk.pdb,./feature/1yrk/1yrk.npy,PTR,True
4l1u,./modpep_del_chain/4l1u.pdb,./feature/4l1u/4l1u.npy,TPO,True
1jm4,./modpep_del_chain/1jm4.pdb,./feature/1jm4/1jm4.npy,ALY,True
1fhr,./modpep_del_chain/1fhr.pdb,./feature/1fhr/1fhr.npy,PTR,True
3olr,./modpep_del_chain/3olr.pdb,./feature/3olr/3olr.npy,PTR,False
3omc,./modpep_del_chain/3omc.pdb,./feature/3omc/3omc.npy,2MR,True
2rs9,./modpep_del_chain/2rs9.pdb,./feature/2rs9/2rs9.npy,ALY,True
3ask,./modpep_del_chain/3ask.pdb,./feature/3ask/3ask.npy,M3L,False
3wp1,./modpep_del_chain/3wp1.pdb,./feature/3wp1/3wp1.npy,SEP,True
1fu5,./modpep_del_chain/1fu5.pdb,./feature/1fu5/1fu5.npy,PTR:PTR,True
2g46,./modpep_del_chain/2g46.pdb,./feature/2g46/2g46.npy,MLZ,True
1sps,./modpep_del_chain/1sps.pdb,./feature/1sps/1sps.npy,PTR,True
4jfz,./modpep_del_chain/4jfz.pdb,./feature/4jfz/4jfz.npy,SEP,False
4hcz,./modpep_del_chain/4hcz.pdb,./feature/4hcz/4hcz.npy,M3L,True
1yvh,./modpep_del_chain/1yvh.pdb,./feature/1yvh/1yvh.npy,PTR,True
3vrp,./modpep_del_chain/3vrp.pdb,./feature/3vrp/3vrp.npy,PTR,False
1cfn,./modpep_del_chain/1cfn.pdb,./feature/1cfn/1cfn.npy,NLE,True
2rny,./modpep_del_chain/2rny.pdb,./feature/2rny/2rny.npy,ALY,True
3zni,./modpep_del_chain/3zni.pdb,./feature/3zni/3zni.npy,PTR:PTR,True
2rsn,./modpep_del_chain/2rsn.pdb,./feature/2rsn/2rsn.npy,M3L,True
1ma3,./modpep_del_chain/1ma3.pdb,./feature/1ma3/1ma3.npy,ALY,False
1kc2,./modpep_del_chain/1kc2.pdb,./feature/1kc2/1kc2.npy,PTR,False
2w3o,./modpep_del_chain/2w3o.pdb,./feature/2w3o/2w3o.npy,SEP:TPO,True
1mw4,./modpep_del_chain/1mw4.pdb,./feature/1mw4/1mw4.npy,PTR,True
4gag,./modpep_del_chain/4gag.pdb,./feature/4gag/4gag.npy,PCA,False
1f58,./modpep_del_chain/1f58.pdb,./feature/1f58/1f58.npy,AIB,False
1lck,./modpep_del_chain/1lck.pdb,./feature/1lck/1lck.npy,PTR,True
1fbv,./modpep_del_chain/1fbv.pdb,./feature/1fbv/1fbv.npy,PTR,True
3ob2,./modpep_del_chain/3ob2.pdb,./feature/3ob2/3ob2.npy,PTR:SEP,True
4jg1,./modpep_del_chain/4jg1.pdb,./feature/4jg1/4jg1.npy,TPO,False
1g6g,./modpep_del_chain/1g6g.pdb,./feature/1g6g/1g6g.npy,TPO,True
2vif,./modpep_del_chain/2vif.pdb,./feature/2vif/2vif.npy,PTR,False
2jql,./modpep_del_chain/2jql.pdb,./feature/2jql/2jql.npy,TPO:TPO,True
4nw2,./modpep_del_chain/4nw2.pdb,./feature/4nw2/4nw2.npy,M3L,False
1j4q,./modpep_del_chain/1j4q.pdb,./feature/1j4q/1j4q.npy,TPO,True
4ihl,./modpep_del_chain/4ihl.pdb,./feature/4ihl/4ihl.npy,SEP:SEP,False
2jqi,./modpep_del_chain/2jqi.pdb,./feature/2jqi/2jqi.npy,TPO,True
2rnw,./modpep_del_chain/2rnw.pdb,./feature/2rnw/2rnw.npy,ALY,True
2v87,./modpep_del_chain/2v87.pdb,./feature/2v87/2v87.npy,2MR:M3L,True
2m0o,./modpep_del_chain/2m0o.pdb,./feature/2m0o/2m0o.npy,M3L,True
3dpo,./modpep_del_chain/3dpo.pdb,./feature/3dpo/3dpo.npy,ALC,True
1jsp,./modpep_del_chain/1jsp.pdb,./feature/1jsp/1jsp.npy,ALY,True
2lto,./modpep_del_chain/2lto.pdb,./feature/2lto/2lto.npy,DA2,True
4glr,./modpep_del_chain/4glr.pdb,./feature/4glr/4glr.npy,TPO,False
3maz,./modpep_del_chain/3maz.pdb,./feature/3maz/3maz.npy,PTR:NH2,True
1j4p,./modpep_del_chain/1j4p.pdb,./feature/1j4p/1j4p.npy,TPO,True
2rnx,./modpep_del_chain/2rnx.pdb,./feature/2rnx/2rnx.npy,ALY,True
3sqd,./modpep_del_chain/3sqd.pdb,./feature/3sqd/3sqd.npy,SEP,True
3o34,./modpep_del_chain/3o34.pdb,./feature/3o34/3o34.npy,ALY,False
1aot,./modpep_del_chain/1aot.pdb,./feature/1aot/1aot.npy,PTR,True
2ktb,./modpep_del_chain/2ktb.pdb,./feature/2ktb/2ktb.npy,ALY,True
3va4,./modpep_del_chain/3va4.pdb,./feature/3va4/3va4.npy,TPO,True
2v89,./modpep_del_chain/2v89.pdb,./feature/2v89/2v89.npy,M3L,True
1a81,./modpep_del_chain/1a81.pdb,./feature/1a81/1a81.npy,PTR:PTR,False
4fj3,./modpep_del_chain/4fj3.pdb,./feature/4fj3/4fj3.npy,SEP:SEP,False
3a08,./modpep_del_chain/3a08.pdb,./feature/3a08/3a08.npy,HYP:HYP:HYP:HYP:HYP:HYP,True
2dvr,./modpep_del_chain/2dvr.pdb,./feature/2dvr/2dvr.npy,MSE:MSE:MSE:MSE:MSE:MSE:MSE:MSE:MSE:MSE:MSE:MSE:MSE:MSE:ALY:ALY,True
2d3h,./modpep_del_chain/2d3h.pdb,./feature/2d3h/2d3h.npy,HYP:HYP:HYP:HYP:HYP:HYP,True
2wh0,./modpep_del_chain/2wh0.pdb,./feature/2wh0/2wh0.npy,SEP:SEP,False
2pqw,./modpep_del_chain/2pqw.pdb,./feature/2pqw/2pqw.npy,MLY,True
3a0m,./modpep_del_chain/3a0m.pdb,./feature/3a0m/3a0m.npy,HYP:HYP:HYP,True
3abn,./modpep_del_chain/3abn.pdb,./feature/3abn/3abn.npy,HYP:HYP:HYP,True
3ai6,./modpep_del_chain/3ai6.pdb,./feature/3ai6/3ai6.npy,DPR:DPR:DPR:DPR:DPR:DPR:DPR:DPR:DPR:DPR:DPR:DPR:DPR:DPR:DPR:DPR:DPR:DPR:DPR:DPR:DPR:DPR:DPR:DPR:DPR:DPR:DPR:DPR:DPR:DPR:DPR:DPR:DPR:DPR:DPR:DPR:DPR:DPR:DPR:DPR:DPR:DPR:DPR:DPR:DPR:DPR:DPR:DPR:DPR:DPR:DPR:DPR:DPR:DPR,True
2rje,./modpep_del_chain/2rje.pdb,./feature/2rje/2rje.npy,MLY,False
3a1h,./modpep_del_chain/3a1h.pdb,./feature/3a1h/3a1h.npy,HYP:HYP:HYP,True
2dvq,./modpep_del_chain/2dvq.pdb,./feature/2dvq/2dvq.npy,MSE:MSE:MSE:MSE:MSE:MSE:MSE:MSE:MSE:MSE:MSE:MSE:MSE:MSE:ALY:ALY,True
1pua,./modpep_del_chain/1pua.pdb,./feature/1pua/1pua.npy,SEP,True
1v6d,./modpep_del_chain/1v6d.pdb,./feature/1v6d/1v6d.npy,AIB:AIB,False
1dzi,./modpep_del_chain/1dzi.pdb,./feature/1dzi/1dzi.npy,HYP:HYP:HYP:HYP:HYP:HYP:NH2:HYP:HYP:HYP:HYP:HYP:HYP:NH2:HYP:HYP:HYP:HYP:HYP:HYP:NH2,True
1f8a,./modpep_del_chain/1f8a.pdb,./feature/1f8a/1f8a.npy,SEP:SEP,False
3kv4,./modpep_del_chain/3kv4.pdb,./feature/3kv4/3kv4.npy,M3L:MLY,False
4jqi,./modpep_del_chain/4jqi.pdb,./feature/4jqi/4jqi.npy,TPO:SEP:SEP:TPO:TPO:SEP:SEP:SEP,False
4bj3,./modpep_del_chain/4bj3.pdb,./feature/4bj3/4bj3.npy,HYP:HYP:HYP:HYP:HYP:HYP:HYP:HYP:HYP:HYP:HYP:HYP:HYP:HYP:HYP,True
1p16,./modpep_del_chain/1p16.pdb,./feature/1p16/1p16.npy,MSE:MSE:MSE:MSE:MSE:SEP:SEP,True
2y5t,./modpep_del_chain/2y5t.pdb,./feature/2y5t/2y5t.npy,HYP:HYP:HYP:HYP:HYP:HYP:HYP:HYP:HYP:HYP:HYP:HYP:HYP:HYP:HYP:HYP:HYP,True
4bu0,./modpep_del_chain/4bu0.pdb,./feature/4bu0/4bu0.npy,TPO,True
4bkl,./modpep_del_chain/4bkl.pdb,./feature/4bkl/4bkl.npy,HYP:HYP:HYP:HYP:HYP:HYP:HYP:HYP:HYP:HYP:HYP:HYP:HYP,True
4jg0,./modpep_del_chain/4jg0.pdb,./feature/4jg0/4jg0.npy,SEP,False
4lor,./modpep_del_chain/4lor.pdb,./feature/4lor/4lor.npy,HYP:HYP:HYP:HYP:HYP:HYP:HYP:HYP:HYP:HYP:HYP:HYP:HYP:HYP:HYP:HYP:HYP:HYP:HYP:HYP,True
4ft2,./modpep_del_chain/4ft2.pdb,./feature/4ft2/4ft2.npy,MLY,False
